{
  "theta_deg": 13.421596745058313,
  "slab_nm": 783.9476528552684,
  "rows": [
    {
      "M": 5,
      "total_modes": 11,
      "r0_squared": 1.4959354208518072e-14
    },
    {
      "M": 7,
      "total_modes": 15,
      "r0_squared": 0.0016057412302955072
    },
    {
      "M": 9,
      "total_modes": 19,
      "r0_squared": 0.2014817780829807
    }
  ]
}