{
  "theta_deg": 13.421596745058313,
  "slab_nm": 783.9476528552684,
  "rows": [
    {
      "M": 5,
      "total_modes": 11,
      "r0_squared": 1.4959354208518072e-14
    },
    {
      "M": 10,
      "total_modes": 21,
      "r0_squared": 0.15924518036551977
    },
    {
      "M": 15,
      "total_modes": 31,
      "r0_squared": 0.12511077568677803
    }
  ]
}